{"cameraMode":{"drawMode":0,"name":"Shaded","section":"Shading Mode"},"sceneLighting":false,"audioPlay":false,"sceneViewState":{"showFog":true,"showMaterialUpdate":true,"showSkybox":false,"showFlares":true,"showImageEffects":true,"showParticleSystems":true},"in2DMode":false,"pivot":{"x":0.00042378902435302734,"y":0.7712410688400269,"z":0.0},"rotation":{"x":0.011423267424106598,"y":-0.9664050936698914,"z":0.043511152267456058,"w":0.25314611196517947},"size":1.0948200225830079,"orthographic":false}