{"cameraMode":{"drawMode":0,"name":"Shaded","section":"Shading Mode"},"sceneLighting":false,"audioPlay":false,"sceneViewState":{"showFog":true,"showMaterialUpdate":true,"showSkybox":true,"showFlares":true,"showImageEffects":true,"showParticleSystems":true},"in2DMode":false,"pivot":{"x":-52.953216552734378,"y":-4.436094760894775,"z":-40.62458419799805},"rotation":{"x":0.01426833774894476,"y":-0.927621603012085,"z":0.03563714399933815,"w":0.37156161665916445},"size":35.413150787353519,"orthographic":false}