{"cameraMode":{"drawMode":0,"name":"Shaded","section":"Shading Mode"},"sceneLighting":false,"audioPlay":false,"sceneViewState":{"showFog":true,"showMaterialUpdate":true,"showSkybox":true,"showFlares":true,"showImageEffects":true,"showParticleSystems":true},"in2DMode":false,"pivot":{"x":-1.7339484691619874,"y":-28.52552604675293,"z":42.87557601928711},"rotation":{"x":0.4356381297111511,"y":-0.02403920143842697,"z":0.013336366042494774,"w":0.899845540523529},"size":35.77389907836914,"orthographic":false}