{"cameraMode":{"drawMode":0,"name":"Shaded","section":"Shading Mode"},"sceneLighting":false,"audioPlay":false,"sceneViewState":{"showFog":true,"showMaterialUpdate":true,"showSkybox":false,"showFlares":true,"showImageEffects":true,"showParticleSystems":true},"in2DMode":false,"pivot":{"x":0.00026160478591918945,"y":0.8050477504730225,"z":0.0},"rotation":{"x":0.002623818814754486,"y":-0.9918848276138306,"z":0.1256420910358429,"w":0.020522933453321458},"size":1.1566523313522339,"orthographic":false}