{"cameraMode":{"drawMode":0,"name":"Shaded","section":"Shading Mode"},"sceneLighting":false,"audioPlay":false,"sceneViewState":{"showFog":true,"showMaterialUpdate":true,"showSkybox":false,"showFlares":true,"showImageEffects":true,"showParticleSystems":true},"in2DMode":false,"pivot":{"x":-8.007377624511719,"y":1.297593116760254,"z":-4.579999923706055},"rotation":{"x":0.19557514786720277,"y":0.0065273717045784,"z":-0.0010212732013314963,"w":0.9808597564697266},"size":3.3552322387695314,"orthographic":false}