{"cameraMode":{"drawMode":0,"name":"Shaded","section":"Shading Mode"},"sceneLighting":false,"audioPlay":false,"sceneViewState":{"showFog":true,"showMaterialUpdate":true,"showSkybox":true,"showFlares":true,"showImageEffects":true,"showParticleSystems":true},"in2DMode":false,"pivot":{"x":-49.94426727294922,"y":76.59101104736328,"z":-52.453697204589847},"rotation":{"x":-0.04441126435995102,"y":-0.04851515218615532,"z":0.0008167879423126578,"w":-0.9979426860809326},"size":10.0,"orthographic":false}