{"cameraMode":{"drawMode":0,"name":"Shaded","section":"Shading Mode"},"sceneLighting":false,"audioPlay":false,"sceneViewState":{"showFog":true,"showMaterialUpdate":true,"showSkybox":false,"showFlares":true,"showImageEffects":true,"showParticleSystems":true},"in2DMode":false,"pivot":{"x":-11.044388771057129,"y":0.9185363054275513,"z":-9.381813049316407},"rotation":{"x":-0.0026796809397637846,"y":0.9923937916755676,"z":-0.027185536921024324,"w":-0.12124361097812653},"size":7.493629455566406,"orthographic":false}