{"cameraMode":{"drawMode":0,"name":"Shaded","section":"Shading Mode"},"sceneLighting":false,"audioPlay":false,"sceneViewState":{"showFog":true,"showMaterialUpdate":true,"showSkybox":true,"showFlares":true,"showImageEffects":true,"showParticleSystems":true},"in2DMode":false,"pivot":{"x":8.874714851379395,"y":2.9630300998687746,"z":42.834144592285159},"rotation":{"x":0.006866556592285633,"y":0.09404533356428147,"z":-0.0006444992031902075,"w":0.9955488443374634},"size":35.413150787353519,"orthographic":false}